Date,ID,URL,Content,User,Reply Count,Retweet Count,Language,Source,Like Count
2023-02-18 19:12:45+00:00,1627023330120470529,https://twitter.com/sona2490/status/1627023330120470529,"Iski baat sun k to shiv ji bhi tension me rehte honge ye kon sa Nasha karta hai, mujhe ajj tak nahi mila....",sona2490,0,0,hi,"<a href=""http://twitter.com/download/android"" rel=""nofollow"">Twitter for Android</a>",0
2023-02-18 19:12:43+00:00,1627023325045358592,https://twitter.com/SajwaniShamim/status/1627023325045358592,Ek mint ke liye bb ki yad agai shalin ab kia ko shiv ki complain karega https://t.co/zpZBNcz2xc,SajwaniShamim,0,0,hi,"<a href=""http://twitter.com/download/android"" rel=""nofollow"">Twitter for Android</a>",0
2023-02-18 19:12:38+00:00,1627023303834587136,https://twitter.com/shivoyboy/status/1627023303834587136,@DoFromDC @RichVegas777 @wshingtontoday theyre all white lol,shivoyboy,0,0,en,"<a href=""http://twitter.com/download/iphone"" rel=""nofollow"">Twitter for iPhone</a>",0
2023-02-18 19:12:35+00:00,1627023291214090240,https://twitter.com/quirky_mee/status/1627023291214090240,@MulgaaMarathi ü§£ü§£ jalte raho or baat banate raho cuz #ShivRit to chaya hua h.. Aapki baat kyu sunega shivü§£,quirky_mee,0,0,hi,"<a href=""http://twitter.com/download/android"" rel=""nofollow"">Twitter for Android</a>",0
2023-02-18 19:12:32+00:00,1627023278119297024,https://twitter.com/vijLotika/status/1627023278119297024,"Maybe aap log soch rahe honge ki kal toh meine kaha tha ki mera BP high hai n doctor told me to rest BP abhi bhi high hi hai per khud ko Shiv se related trend mai part lene se rok nahi pa rahi huin 

MAHADEV BLESS YOU SHIV
#ShivKiSena 
#ShivThakare 
@ShivThakare9",vijLotika,0,0,et,"<a href=""http://twitter.com/download/iphone"" rel=""nofollow"">Twitter for iPhone</a>",0
2023-02-18 19:12:31+00:00,1627023271106605056,https://twitter.com/mahaleurmila5/status/1627023271106605056,@SrishtiS28 Thank u bro ‚ò∫Ô∏è‚ù§Ô∏èüßø,mahaleurmila5,0,0,en,"<a href=""https://mobile.twitter.com"" rel=""nofollow"">Twitter Web App</a>",0
2023-02-18 19:12:28+00:00,1627023261921058821,https://twitter.com/PreetiS40700029/status/1627023261921058821,"@RohitashwT Everyone is allowed to have their own way. I don‚Äôt think lord shiv came and told you how it is done. If someone wants to do pvt they will , if someone wants to celebrate they can. What Shivratri is def not is a place of judgment of way of worship in any way.",PreetiS40700029,0,0,en,"<a href=""http://twitter.com/download/iphone"" rel=""nofollow"">Twitter for iPhone</a>",0
2023-02-18 19:12:27+00:00,1627023257760321542,https://twitter.com/awesome8somnath/status/1627023257760321542,"Shiv Sama Rahe Mujhme
Aur main shunya ho raha hun #ShivaShivaAllNight",awesome8somnath,0,0,hi,"<a href=""http://twitter.com/download/android"" rel=""nofollow"">Twitter for Android</a>",0
2023-02-18 19:12:26+00:00,1627023249858256896,https://twitter.com/SHIVPRA23370566/status/1627023249858256896,"@RaviSis48297494 @BBCHindi School fees par bhi GST hai , besharam dhang ke sarkari school nahi banayenge par gst lagayenge",SHIVPRA23370566,0,0,hi,"<a href=""https://mobile.twitter.com"" rel=""nofollow"">Twitter Web App</a>",0
2023-02-18 19:12:25+00:00,1627023246653796352,https://twitter.com/pmoshiva/status/1627023246653796352,"@epanchjanya ‡§ú‡§Å‡§π‡§æ ‡§ú‡§Å‡§π‡§æ ‡§≠‡§æ‡§ú‡§™‡§æ ‡§π‡•à‡§Ç ‡§â‡§∏ ‡§∞‡§æ‡§ú‡•ç‡§Ø ‡§Æ‡•á ‡§Æ‡•Å‡§∏‡•ç‡§≤‡§Æ‡§æ‡§® ‡§ú‡•ç‡§Ø‡§æ‡§¶‡§æ ‡§§‡§æ‡§¶‡§æ‡§¶ ‡§Æ‡•á ‡§¨‡§∏‡§§‡•á ‡§π‡•à,‡§Æ‡§∏‡•ç‡§ú‡§ø‡§¶ ‡§Æ‡§ú‡§æ‡§∞ ‡§¨‡§®‡§æ ‡§≤‡•á‡§§‡•á ‡§π‡•à‡§Ç,‡§≠‡§æ‡§ú‡§™‡§æ ‡§¨‡§æ‡§≤‡•á ‡§π‡§ø‡§®‡•ç‡§¶‡•Ç ‡§π‡§ø‡§®‡•ç‡§¶‡•Ç ‡§ö‡§ø‡§≤‡•ç‡§≤‡§æ‡§§‡•á ‡§∞‡§π‡§§‡•á ‡§π‡•à‡§Ç,‡§Æ‡•ã‡§¶‡•Ä ‡§ï‡§æ ‡§ü‡§æ‡§∞‡§ó‡•á‡§ü ‡§π‡•à ‡§≠‡§æ‡§∞‡§§ ‡§ï‡•ã ‡§Æ‡•Å‡§∂‡•ç‡§≤‡§ø‡§Æ ‡§∞‡§æ‡§∑‡•ç‡§ü‡•ç‡§∞ 25 ‡§∏‡§æ‡§≤ ‡§Æ‡•á ‡§¨‡§®‡§æ ‡§¶‡•á‡§®‡•á ‡§ï‡§æ! @narendramodi @PMOIndia @BJP4India @AmitShah @JPNadda @pushkardhami @RSSorg",pmoshiva,0,0,hi,"<a href=""http://twitter.com/download/android"" rel=""nofollow"">Twitter for Android</a>",0
2023-02-18 19:12:24+00:00,1627023244091064321,https://twitter.com/ShivAdi89/status/1627023244091064321,@apnadheklo Kavyaaaaaa Good Night yr üíóüòá,ShivAdi89,0,0,en,"<a href=""http://twitter.com/download/android"" rel=""nofollow"">Twitter for Android</a>",0
2023-02-18 19:12:13+00:00,1627023196707860481,https://twitter.com/ShivG_/status/1627023196707860481,"When you're procrastinating, remember this:

The person you want to be would do it.",ShivG_,0,0,en,"<a href=""https://hypefury.com"" rel=""nofollow"">Hypefury</a>",0
2023-02-18 19:12:07+00:00,1627023171273756672,https://twitter.com/maanosys/status/1627023171273756672,"Happy Maha Shiv Ratri | One night with lord shiva
The night of Goddess Parvathi and Shiva‚Äôs union, also known as Maha Shivratri, is a night of both creation and destruction.
.
.
Visit : https://t.co/TQphausov0
Call us : +91-966 779 3008
Email us : info@maanosys.com https://t.co/XWVSO3GGse",maanosys,0,0,en,"<a href=""https://mobile.twitter.com"" rel=""nofollow"">Twitter Web App</a>",0
2023-02-18 19:12:07+00:00,1627023171202473985,https://twitter.com/BhalchandraPar8/status/1627023171202473985,"@TandonRaveena üôèüôèAmen Mam. Jai shiv shankar. Mam, without make up u look dull same like @clubmahindra . We all need to bring back shine to @MahindraRise , Sir @anandmahindra @anishshah21 @singhkavinder plz join. Mam, did u saw newly launch snakes at resorts ?? God is great , thanks üôèüôèüôèüôè",BhalchandraPar8,0,0,en,"<a href=""http://twitter.com/download/android"" rel=""nofollow"">Twitter for Android</a>",0
2023-02-18 19:12:00+00:00,1627023141909430273,https://twitter.com/Priyank88775808/status/1627023141909430273,Manadali toh stan shiv abdu sajid ki thi üôÅ actually feeling weird sajid stan shiv abdu best yaar stan sajid ab nahi mil rahe #shivthakare,Priyank88775808,0,0,in,"<a href=""https://mobile.twitter.com"" rel=""nofollow"">Twitter Web App</a>",0
2023-02-18 19:11:51+00:00,1627023103741272064,https://twitter.com/ShivAdi89/status/1627023103741272064,"@MourBnaDugge Pihu nii pata yrr Ye toh ek he jn bata sakta 

@sillyboy_inlove batao üëÄüòÇ",ShivAdi89,0,0,tl,"<a href=""http://twitter.com/download/android"" rel=""nofollow"">Twitter for Android</a>",0
2023-02-18 19:11:48+00:00,1627023091464572930,https://twitter.com/priyaranjanltcp/status/1627023091464572930,"Bhau full masti mode with Sree, Nimrit and Sumbul...
WE LOVE SHIV FOREVER

#ShivThakare
#ShivRit
#ShivJita
#ShivSum

https://t.co/GKE03bmNsy",priyaranjanltcp,0,0,en,"<a href=""http://twitter.com/download/android"" rel=""nofollow"">Twitter for Android</a>",1
2023-02-18 19:11:46+00:00,1627023085202477056,https://twitter.com/DratanRatnakar/status/1627023085202477056,@_Shiv_Bhakt ‡§π‡§∞ ‡§π‡§∞ ‡§Æ‡§π‡§æ‡§¶‡•á‡§µ üôè,DratanRatnakar,0,0,hi,"<a href=""http://twitter.com/download/android"" rel=""nofollow"">Twitter for Android</a>",1
2023-02-18 19:11:45+00:00,1627023077812076552,https://twitter.com/urstrulyManan/status/1627023077812076552,#AskSadhguru Does AdiYogi Shiv want to say something to us @SadhguruJVüôè @ishafoundation,urstrulyManan,0,0,en,"<a href=""http://twitter.com/download/android"" rel=""nofollow"">Twitter for Android</a>",0
2023-02-18 19:11:43+00:00,1627023070237192193,https://twitter.com/AKhil__AKhil__/status/1627023070237192193,Shiv ki Barat me kaun kaun saamil hua,AKhil__AKhil__,0,0,hi,"<a href=""https://mobile.twitter.com"" rel=""nofollow"">Twitter Web App</a>",0
2023-02-18 19:11:38+00:00,1627023051060809728,https://twitter.com/Shiv0414/status/1627023051060809728,@IrfanPathan Isi liye to out de diya virat sir ko sir unluckiest cricketer ever,Shiv0414,0,0,en,"<a href=""http://twitter.com/download/android"" rel=""nofollow"">Twitter for Android</a>",0
2023-02-18 19:11:25+00:00,1627022994446094339,https://twitter.com/sona735380171/status/1627022994446094339,@Sud20_ @aesthet08765133 Hmm dekha aishe behave kar rahi hai jaise shiv uske peche hai.ak no ki cunning hai yeh ladrki,sona735380171,0,0,hi,"<a href=""http://twitter.com/download/android"" rel=""nofollow"">Twitter for Android</a>",1
2023-02-18 19:11:22+00:00,1627022983188611072,https://twitter.com/ShivSumian/status/1627022983188611072,"Guys they are different together the chemistry and all speaks a lot 

Somebody sign them together please üôèüôèüôè

#ShivSum #SumbulToqueerKhan #Shivthakare #shivkisena #SumbulSquad https://t.co/bhIUgkB84M",ShivSumian,1,4,en,"<a href=""http://twitter.com/download/android"" rel=""nofollow"">Twitter for Android</a>",7
2023-02-18 19:11:12+00:00,1627022943246254085,https://twitter.com/UtkaliyaHindu/status/1627022943246254085,"Finally, Mahadeepa darshana.
It's 12:40 am &amp; still enthusiasm among Mahadev devotees is high. üî•

Jai Jai Shiv Sambhu.
#Mahashivratri üö©
#Odisha https://t.co/U5VRE3ZblT",UtkaliyaHindu,0,0,en,"<a href=""https://mobile.twitter.com"" rel=""nofollow"">Twitter Web App</a>",2
2023-02-18 19:11:10+00:00,1627022933481893888,https://twitter.com/mahaleurmila5/status/1627022933481893888,"Kisshi~Wisshi 

#ShiBdu is endgame!!ü§å‚ù§Ô∏èüßø 

#ShivThakare #AbduRozik https://t.co/Pq2pn23y32",mahaleurmila5,0,1,en,"<a href=""https://mobile.twitter.com"" rel=""nofollow"">Twitter Web App</a>",2
2023-02-18 19:10:59+00:00,1627022885729767424,https://twitter.com/Jim74862837Jim/status/1627022885729767424,#SumbulTouqeerkhan üòÅüòÅü§£shiv tapli sum ka sar üò≠üò≠ siblings things. My elder brother cum dusman ü§®ü§®ü§®,Jim74862837Jim,0,1,en,"<a href=""http://twitter.com/download/android"" rel=""nofollow"">Twitter for Android</a>",1
2023-02-18 19:10:52+00:00,1627022857535655937,https://twitter.com/SHIVPRA23370566/status/1627022857535655937,"@Being_Humor Inme se ek company bhi indian nahi hai na banda ab indian passport wala hai.
Agar dimag ho to post about tech companies like zoho and postman",SHIVPRA23370566,0,0,en,"<a href=""https://mobile.twitter.com"" rel=""nofollow"">Twitter Web App</a>",0
2023-02-18 19:10:48+00:00,1627022842029309952,https://twitter.com/Abhiggya_DrDz/status/1627022842029309952,@DhruwalPatel Oh wow jag rahe ho aap !? I thought main hi ek owl bani Hui hu üò≠üò≠,Abhiggya_DrDz,0,0,et,"<a href=""https://mobile.twitter.com"" rel=""nofollow"">Twitter Web App</a>",0
2023-02-18 19:10:01+00:00,1627022644490145792,https://twitter.com/SadiyaMou4/status/1627022644490145792,@rehnedo_tum Shiv solos are realy irritated yaar..kitne ko samjha sakte h hum? https://t.co/1JVwPrXaUD,SadiyaMou4,0,0,tl,"<a href=""http://twitter.com/download/android"" rel=""nofollow"">Twitter for Android</a>",0
2023-02-18 19:09:20+00:00,1627022472976666625,https://twitter.com/abdu77810193/status/1627022472976666625,@RitikaS81098031 @zt_production Ye Mera opinion nhi h nim khud bol deti h apne expression I don't hate shivüòú I can appreciate other qualities which he possess,abdu77810193,0,0,en,"<a href=""http://twitter.com/download/android"" rel=""nofollow"">Twitter for Android</a>",0
2023-02-18 19:09:20+00:00,1627022471932284928,https://twitter.com/RitikaS81098031/status/1627022471932284928,@abdu77810193 @zt_production Usne call kiya tha tumhe? Usko Nahi pasand Hota toh woh shiv ko Kab ka Bol deti Jaise masti ka bola tha üòÇ,RitikaS81098031,1,0,hi,"<a href=""http://twitter.com/download/iphone"" rel=""nofollow"">Twitter for iPhone</a>",0
2023-02-18 19:09:20+00:00,1627022469541548033,https://twitter.com/sona735380171/status/1627022469541548033,@Vnl44501375 @warzaib77133147 Ab baas ho raha hai yaar varsh jabhi tl kholo bas shiv rat ka natak chalu aur 2  3 dino se zada ho raha hai shiv tabtak band nehi karege jabtak use koi batayega nhei.koi kuch bolat nehi uske team Wale.aur aj pap video dekha nim ka natak,sona735380171,0,0,hi,"<a href=""http://twitter.com/download/android"" rel=""nofollow"">Twitter for Android</a>",0
2023-02-18 19:09:11+00:00,1627022432362979331,https://twitter.com/shiv_teaching/status/1627022432362979331,"This is a fabulous photo for many reasons. Delhi and it‚Äôs air pollution in the background . Yamuna river floodplain small-scale farmers growing seasonal fruits. Water scarcity , vandalism, pollution all issues https://t.co/hC72MzEn22
#geographyteacher #geography https://t.co/vhmYLaZ7g7",shiv_teaching,0,0,en,"<a href=""http://twitter.com/download/iphone"" rel=""nofollow"">Twitter for iPhone</a>",0
2023-02-18 19:09:05+00:00,1627022407658799104,https://twitter.com/Resh4686/status/1627022407658799104,@BollySpy @TouqeerSumbul @NimritAhluwalia @ShivThakare9 Jealous nimmo,Resh4686,0,0,fr,"<a href=""http://twitter.com/download/iphone"" rel=""nofollow"">Twitter for iPhone</a>",0
2023-02-18 19:09:00+00:00,1627022387085742080,https://twitter.com/Ar_ShivaniSingh/status/1627022387085742080,@WildlifeSOS Heartbreaking üòîüòì,Ar_ShivaniSingh,0,0,en,"<a href=""http://twitter.com/download/android"" rel=""nofollow"">Twitter for Android</a>",0
2023-02-18 19:08:51+00:00,1627022350784016384,https://twitter.com/Abhishe67931952/status/1627022350784016384,"#StoryOfLordShiva

 Who is the imperishable God?
 Shri Shiv ji is not imperishable.  They are also facing the pain of birth and death.
 Visit Satlok Ashram YouTube Channel for More Information
@SaintRampalJiM
#GodNightSaturday https://t.co/fwzOHhWGKZ",Abhishe67931952,0,0,en,"<a href=""http://twitter.com/download/android"" rel=""nofollow"">Twitter for Android</a>",0
2023-02-18 19:08:43+00:00,1627022316747259904,https://twitter.com/SrishtiS28/status/1627022316747259904,"Loved the caption bro! ü§£‚ù§Ô∏è‚ù§Ô∏èü´∞

#shivthakare",SrishtiS28,1,0,en,"<a href=""http://twitter.com/download/android"" rel=""nofollow"">Twitter for Android</a>",1
2023-02-18 19:08:41+00:00,1627022309361094656,https://twitter.com/Alauddinchaud17/status/1627022309361094656,@vivekagnihotri Ek Beef khane wala shiv ji pooja kar k mandir ka apmaan kar raha pakhandi ü§£ü§£,Alauddinchaud17,0,0,hi,"<a href=""http://twitter.com/download/android"" rel=""nofollow"">Twitter for Android</a>",0
2023-02-18 19:08:19+00:00,1627022215085694979,https://twitter.com/Nidhi_Eunoia/status/1627022215085694979,@singh_robb Shiv yaha bhi araha hüò±,Nidhi_Eunoia,0,0,hi,"<a href=""http://twitter.com/download/android"" rel=""nofollow"">Twitter for Android</a>",0
2023-02-18 19:08:11+00:00,1627022183234162690,https://twitter.com/Abhiggya_DrDz/status/1627022183234162690,@DhruwalPatel Just a a quick question vo bhi itni late ! Universe ke bare me itna kaise pata hai aapko ? üò© Hame bhi jannna h,Abhiggya_DrDz,1,0,en,"<a href=""https://mobile.twitter.com"" rel=""nofollow"">Twitter Web App</a>",0
2023-02-18 19:08:03+00:00,1627022150053031941,https://twitter.com/prshiv0915/status/1627022150053031941,"Wordle 610 5/6

‚¨ú‚¨úüü®‚¨ú‚¨ú
‚¨úüü®‚¨ú‚¨ú‚¨ú
üü®‚¨ú‚¨ú‚¨úüü©
‚¨úüü©‚¨ú‚¨ú‚¨ú
üü©üü©üü©üü©üü©",prshiv0915,0,0,en,"<a href=""http://twitter.com/download/android"" rel=""nofollow"">Twitter for Android</a>",0
2023-02-18 19:08:00+00:00,1627022135909838848,https://twitter.com/sitaula_stuti/status/1627022135909838848,@BollySpy @TouqeerSumbul @NimritAhluwalia @ShivThakare9 kaam kiya hi hai apne shiv ne ki sab uska naam le üíìüíì ‚Äòshiv aagaya‚Äôx3,sitaula_stuti,0,0,et,"<a href=""http://twitter.com/download/iphone"" rel=""nofollow"">Twitter for iPhone</a>",0
2023-02-18 19:07:56+00:00,1627022120718065664,https://twitter.com/Ar_ShivaniSingh/status/1627022120718065664,@WildlifeSOS üò¢üò™üôèüèªüôèüèª,Ar_ShivaniSingh,0,0,und,"<a href=""http://twitter.com/download/android"" rel=""nofollow"">Twitter for Android</a>",0
2023-02-18 19:07:56+00:00,1627022117228417024,https://twitter.com/AlvinaK51620897/status/1627022117228417024,@Vishusoni02 @PriyankaChaharO ask her future project and bonding with sumbul and shiv after bb üòä,AlvinaK51620897,0,0,en,"<a href=""http://twitter.com/download/android"" rel=""nofollow"">Twitter for Android</a>",0
2023-02-18 19:07:51+00:00,1627022099259994112,https://twitter.com/mahaleurmila5/status/1627022099259994112,@creativefun15 Smart boi..#AbduRozik üòéüî•,mahaleurmila5,0,0,en,"<a href=""https://mobile.twitter.com"" rel=""nofollow"">Twitter Web App</a>",0
2023-02-18 19:07:49+00:00,1627022091013984257,https://twitter.com/49Utsav/status/1627022091013984257,@mininegi1 She waited long just for shiv ü•π‚ù§Ô∏è‚ù§Ô∏è,49Utsav,0,0,en,"<a href=""http://twitter.com/download/android"" rel=""nofollow"">Twitter for Android</a>",0
2023-02-18 19:07:49+00:00,1627022088568446976,https://twitter.com/Madiha02Jawed/status/1627022088568446976,"Mandli Reunion Full Unseen video | Sumbul Touqeer Shiv Thakare Abdu Rozik Nimrit Kaur Reunion

https://t.co/YWiJQNVERz

#ShivThakare  #SumbulTouqeerKhan #ShivSum  #AbduRozik  #Mandli #HaqSeMandali 

https://t.co/YWiJQNVERz",Madiha02Jawed,0,0,et,"<a href=""https://mobile.twitter.com"" rel=""nofollow"">Twitter Web App</a>",1
2023-02-18 19:07:43+00:00,1627022063553880069,https://twitter.com/shiv__ASP/status/1627022063553880069,"‡§∏‡§Ç‡§ò‡§∞‡•ç‡§∑ ‡§ï‡•Ä ‡§∞‡§æ‡§§ ‡§ú‡§ø‡§§‡§®‡•Ä ‡§ú‡•ç‡§Ø‡§æ‡§¶‡§æ ‡§Ö‡§Ç‡§Å‡§ß‡•á‡§∞‡•Ä ‡§π‡•ã‡§§‡•Ä ‡§π‡•à ‡§∏‡§´‡§≤‡§§‡§æ ‡§ï‡§æ ‡§∏‡•Ç‡§∞‡§ú ‡§â‡§§‡§®‡§æ ‡§π‡•Ä ‡§§‡•á‡§ú ‡§ö‡§Æ‡§ï‡§§‡§æ ‡§π‡•à ‡§Ü‡§∏‡§™‡§æ ‡§â‡§§‡•ç‡§§‡§∞ ‡§™‡•ç‡§∞‡§¶‡•á‡§∂ ‡§∏‡§ö‡§ø‡§µ @AniketDhanuk_ ji ‡§¶‡•ç‡§µ‡§æ‡§∞‡§æ
#HarGharAmbedkar ‡§Æ‡§ø‡§∂‡§® ‡§ö‡§≤‡§æ‡§Ø‡§æ ‡§¨‡§π‡•Å‡§§ ‡§π‡•Ä ‡§∏‡§∞‡§æ‡§π‡§®‡•Ä‡§Ø ‡§ï‡§æ‡§∞‡•ç‡§Ø ‡§π‡•à ‡§π‡§Æ ‡§∏‡§¨ ‡§á‡§∏‡§ï‡§æ ‡§π‡§ø‡§∏‡•ç‡§∏‡§æ ‡§ú‡§∞‡•Ç‡§∞ ‡§¨‡§®‡•á‡§Ç‡§ó‡•á ‡§î‡§∞ ‡§∏‡§´‡§≤ ‡§¨‡§®‡§æ‡§è‡§Ç‡§ó‡•á ‡§ú‡§Ø ‡§≠‡•Ä‡§Æ ‡§≠‡§æ‡§à ‡§ú‡•Ä @BhimArmyChief 

@Vndnason 
@KJenwal ASP https://t.co/suoYH4qj5C",shiv__ASP,0,0,hi,"<a href=""http://twitter.com/download/android"" rel=""nofollow"">Twitter for Android</a>",2
2023-02-18 19:07:42+00:00,1627022060198428674,https://twitter.com/shivyad55325837/status/1627022060198428674,@samar11 @ReallySwara https://t.co/7ldCTvN8tC,shivyad55325837,0,0,qme,"<a href=""http://twitter.com/download/android"" rel=""nofollow"">Twitter for Android</a>",1
2023-02-18 19:07:37+00:00,1627022038929149952,https://twitter.com/Sandeepkhanolka/status/1627022038929149952,@SheetalPronamo Shiv Shambho üôè,Sandeepkhanolka,0,0,hi,"<a href=""http://twitter.com/download/android"" rel=""nofollow"">Twitter for Android</a>",0
2023-02-18 19:07:30+00:00,1627022009015353344,https://twitter.com/_Chaubey1/status/1627022009015353344,@_Shiv_Bhakt ‡§Æ‡§π‡§æ‡§¶‡•á‡§µ‚ù§Ô∏è,_Chaubey1,1,1,ne,"<a href=""http://twitter.com/download/android"" rel=""nofollow"">Twitter for Android</a>",1
2023-02-18 19:07:23+00:00,1627021979957202945,https://twitter.com/Brownlady01/status/1627021979957202945,@_Shiv_Bhakt üòÇüòÇ,Brownlady01,0,0,und,"<a href=""http://twitter.com/download/android"" rel=""nofollow"">Twitter for Android</a>",1
2023-02-18 19:07:20+00:00,1627021968708108289,https://twitter.com/mithunk86840593/status/1627021968708108289,@myogiadityanath @GorakhnathMndr Jai Shiv shankar bhole bhole,mithunk86840593,0,0,hi,"<a href=""http://twitter.com/download/android"" rel=""nofollow"">Twitter for Android</a>",0
2023-02-18 19:07:06+00:00,1627021909736009728,https://twitter.com/sac_isin/status/1627021909736009728,"Uddhav Thackeray Loses Name, Symbol Of Shiv Sena Founded By Father - NDTV #politics https://t.co/T3VxKUv0hE https://t.co/9d0xpy3Cig",sac_isin,0,0,en,"<a href=""https://365newsx.com"" rel=""nofollow"">365newsx</a>",0
2023-02-18 19:06:56+00:00,1627021868560687104,https://twitter.com/Brownlady01/status/1627021868560687104,@_Shiv_Bhakt Aapko bhi Maha Shivratri ki dher sari shubhkamnaye üôèüå∏‚ô•Ô∏è,Brownlady01,1,1,hi,"<a href=""http://twitter.com/download/android"" rel=""nofollow"">Twitter for Android</a>",1
2023-02-18 19:06:52+00:00,1627021849426010113,https://twitter.com/NandhiniAK1/status/1627021849426010113,"There's no bond cuter than this!! Aww!! Miss them so much!! Sumbaya!! ü•∫‚ù§Ô∏è‚ù§Ô∏è
Shiv pulling Sumbul's leg is the cutest!
Give them back! 

#SumbulTouqeerKhan #ShivThakare https://t.co/4kTcEeCzuX",NandhiniAK1,0,10,en,"<a href=""http://twitter.com/download/android"" rel=""nofollow"">Twitter for Android</a>",33
2023-02-18 19:06:49+00:00,1627021839095705600,https://twitter.com/mahaleurmila5/status/1627021839095705600,"Only Bro Shiv has all the rights to pamper Abdu the way he wants...no one else ..bcs according to Abdu if Bro Shiv is child then I am also child .. cuties ü§åüòçüßø

#ShiBdu #ShivThakare #AbduRozik",mahaleurmila5,0,2,en,"<a href=""https://mobile.twitter.com"" rel=""nofollow"">Twitter Web App</a>",7
2023-02-18 19:06:47+00:00,1627021828379262982,https://twitter.com/TheBiggBossBoyz/status/1627021828379262982,"@BollySpy @TouqeerSumbul @NimritAhluwalia @ShivThakare9 Shiv aa gaya ü§£ü§£ü§£ Shiv aa gaya 

#BB16 #BiggBoss16 #ShivThakare",TheBiggBossBoyz,0,2,hi,"<a href=""http://twitter.com/download/android"" rel=""nofollow"">Twitter for Android</a>",5
2023-02-18 19:06:35+00:00,1627021781293998081,https://twitter.com/muskurale_yaar/status/1627021781293998081,"@Vegetarianmee haan lekin shiv ratri thi, subah kyu khaaya",muskurale_yaar,0,0,hi,"<a href=""https://mobile.twitter.com"" rel=""nofollow"">Twitter Web App</a>",0
2023-02-18 19:06:34+00:00,1627021773970767874,https://twitter.com/SrishtiS28/status/1627021773970767874,@nagukidushman Story videos mai se Lena padrha hai yaar! Team story hai,SrishtiS28,1,0,hi,"<a href=""http://twitter.com/download/android"" rel=""nofollow"">Twitter for Android</a>",1
2023-02-18 19:06:29+00:00,1627021752625926146,https://twitter.com/smitaku39354000/status/1627021752625926146,"Shiv ki Sumbyaüòçüòç 
Bro-Sis bondü•∞üòò
Finally #ShivSum reunion ‚ù§Ô∏è

#ShivThakare #SumbulTouqeerKhan https://t.co/8jWrqdPkhV",smitaku39354000,0,7,ht,"<a href=""http://twitter.com/download/android"" rel=""nofollow"">Twitter for Android</a>",14
2023-02-18 19:06:21+00:00,1627021720707293187,https://twitter.com/Brownlady01/status/1627021720707293187,@_Shiv_Bhakt üö©üôè‚ô•Ô∏è,Brownlady01,0,0,und,"<a href=""http://twitter.com/download/android"" rel=""nofollow"">Twitter for Android</a>",1
2023-02-18 19:06:21+00:00,1627021720057180163,https://twitter.com/Ritzz_126/status/1627021720057180163,"@SadhguruJV Isn't this sanatan dharam which the world is celebrating?? Shiv hi Satya h, Shiv hi brahmandh h!! Shiv ke Bina kya h???",Ritzz_126,0,0,hi,"<a href=""http://twitter.com/download/android"" rel=""nofollow"">Twitter for Android</a>",0
2023-02-18 19:06:17+00:00,1627021704651485185,https://twitter.com/HaqSeShivRit/status/1627021704651485185,@AmeyaRaut17 Dekha #ShivRit ka power üî•,HaqSeShivRit,0,2,pl,"<a href=""http://twitter.com/download/android"" rel=""nofollow"">Twitter for Android</a>",2
2023-02-18 19:05:38+00:00,1627021540629032965,https://twitter.com/MANISHSINGHSENG/status/1627021540629032965,"‡§Æ‡§µ‡§á‡§Ø‡§æ ‡§Æ‡§æ‡§´‡•Ä ‡§ó‡•ç‡§∞‡§æ‡§Æ ‡§Æ‡•á‡§Ç ‡§¨‡§≤‡§¶‡•á‡§µ‡•á‡§∂‡•ç‡§µ‡§∞ ‡§Æ‡§π‡§æ‡§¶‡•á‡§µ ‡§Æ‡§Ç‡§¶‡§ø‡§∞ ‡§Æ‡•á‡§Ç ‡§∏‡•Å‡§¨‡§π ‡§¶‡•ã‡§™‡§π‡§∞ ‡§∂‡§æ‡§Æ ‡§Ö‡§≤‡§ó ‡§Ö‡§≤‡§ó ‡§∞‡§Ç‡§ó ‡§Æ‡•á‡§Ç ‡§≠‡§ï‡•ç‡§§‡•ã‡§Ç ‡§ï‡•ã ‡§¶‡§∞‡•ç‡§∂‡§® ‡§¶‡•á‡§®‡•á ‡§µ‡§æ‡§≤‡•á ‡§≠‡•ã‡§≤‡•á‡§®‡§æ‡§• ‡§ï‡•á ‡§¶‡§∞‡•ç‡§∂‡§® ‡§ï‡§æ ‡§∏‡•å‡§≠‡§æ‡§ó‡•ç‡§Ø ‡§™‡•ç‡§∞‡§ø‡§Ø ‡§Ö‡§®‡•Å‡§ú‡•ã‡§Ç ‡§∏‡§ö‡§ø‡§® ‡§§‡•ç‡§∞‡§ø‡§µ‡•á‡§¶‡•Ä, ‡§Ö‡§≠‡§ø‡§∑‡•á‡§ï ‡§∂‡•Å‡§ï‡•ç‡§≤‡§æ, ‡§∞‡§æ‡§π‡•Å‡§≤ ‡§ï‡§∂‡•ç‡§Ø‡§™ ‡§ï‡•á ‡§∏‡§æ‡§• ‡§ï‡§∞‡§®‡•á ‡§ï‡§æ ‡§∏‡•å‡§≠‡§æ‡§ó‡•ç‡§Ø‡•§
#shiv #bholenath https://t.co/lmMd4tIdPP",MANISHSINGHSENG,0,0,hi,"<a href=""http://twitter.com/download/android"" rel=""nofollow"">Twitter for Android</a>",0
2023-02-18 19:05:32+00:00,1627021513340878853,https://twitter.com/shiv_thakare_11/status/1627021513340878853,@shwetamalkotia üòÇüòÇ,shiv_thakare_11,0,0,und,"<a href=""http://twitter.com/download/android"" rel=""nofollow"">Twitter for Android</a>",1
2023-02-18 19:05:29+00:00,1627021503622713344,https://twitter.com/BirinchiBaba420/status/1627021503622713344,@tishasaroyan There is no Shiv or Mahakali Sadhana without meat.,BirinchiBaba420,0,0,en,"<a href=""https://mobile.twitter.com"" rel=""nofollow"">Twitter Web App</a>",0
2023-02-18 19:05:26+00:00,1627021489324326912,https://twitter.com/VIRATKO76145091/status/1627021489324326912,"True love stories never have endings. like a Shiv ‚ù§Ô∏è Parvati 
#mahashivratri #truelove #happiness https://t.co/3ngdKuv9tv",VIRATKO76145091,0,0,en,"<a href=""http://twitter.com/download/android"" rel=""nofollow"">Twitter for Android</a>",1
2023-02-18 19:05:18+00:00,1627021457120464896,https://twitter.com/Rhythmicxx__/status/1627021457120464896,@sona735380171 @UnwaveringVoice Hum abhi se fruatrate ho rahe hai kyuki hume nim nahi pasand hai bilkul bhi.. i get negative vibes watching her i can't bare her evn with shiv tbvh,Rhythmicxx__,1,0,hi,"<a href=""http://twitter.com/download/android"" rel=""nofollow"">Twitter for Android</a>",1
2023-02-18 19:05:17+00:00,1627021450472460288,https://twitter.com/Nobiita52/status/1627021450472460288,"Mha shiv ratri is probably only festival celebrated across India 

#ShivaShivaAllNight #mhashivratri",Nobiita52,0,0,en,"<a href=""http://twitter.com/download/android"" rel=""nofollow"">Twitter for Android</a>",2
2023-02-18 19:05:15+00:00,1627021442004172800,https://twitter.com/SrishtiS28/status/1627021442004172800,"I love this moon gol gutuk Chand chutuk! ‚ù§Ô∏èü´∞

#shibdu #shivthakare #abdurozik https://t.co/xb84oUsP78",SrishtiS28,1,9,en,"<a href=""http://twitter.com/download/android"" rel=""nofollow"">Twitter for Android</a>",24
2023-02-18 19:05:11+00:00,1627021426543955969,https://twitter.com/Vnl44501375/status/1627021426543955969,@rehnedo_tum Ye Abdyaa aya kya live üòÖüòÖüòÖüòÖüòÖ,Vnl44501375,0,0,tl,"<a href=""http://twitter.com/download/iphone"" rel=""nofollow"">Twitter for iPhone</a>",0
2023-02-18 19:05:09+00:00,1627021419132653569,https://twitter.com/khanNazma7/status/1627021419132653569,"@Ishaaa717 Shiv ji ki kripa hi Hui h...‚ù£Ô∏è
 warna
 shiv ne 10 din baad ka reunion plan bola tha interview m...üòÖ",khanNazma7,0,0,in,"<a href=""http://twitter.com/download/android"" rel=""nofollow"">Twitter for Android</a>",0
2023-02-18 19:05:06+00:00,1627021406864314368,https://twitter.com/ShivKaran029/status/1627021406864314368,"I talked to Paytm caustmer care several times and also sent my documents but Paytm caustmer care is asking for fir copy I also have 6000 rupees in my paytm account which I am not able to withdraw because of this I am facing a lot of problem.
@PMOIndia @RBI @AmitShah @Paytmcare",ShivKaran029,1,0,en,"<a href=""http://twitter.com/download/android"" rel=""nofollow"">Twitter for Android</a>",0
2023-02-18 19:05:00+00:00,1627021381178212352,https://twitter.com/overtheordinary/status/1627021381178212352,Pinpointing that moment everything changed.,overtheordinary,0,0,en,"<a href=""http://twitter.com/download/iphone"" rel=""nofollow"">Twitter for iPhone</a>",0
2023-02-18 19:04:39+00:00,1627021294532456450,https://twitter.com/ShivAdi89/status/1627021294532456450,Good night yaar üòáüíó https://t.co/OLEPdwCKow,ShivAdi89,2,2,en,"<a href=""http://twitter.com/download/android"" rel=""nofollow"">Twitter for Android</a>",2
2023-02-18 19:04:27+00:00,1627021244234371074,https://twitter.com/Abhiggya_DrDz/status/1627021244234371074,@CarryMinati Khud ki life hi ek meme hai ! Voh kaise bheju ?,Abhiggya_DrDz,0,0,hi,"<a href=""https://mobile.twitter.com"" rel=""nofollow"">Twitter Web App</a>",0
2023-02-18 19:04:27+00:00,1627021241541619714,https://twitter.com/shivyad55325837/status/1627021241541619714,@vinod_bansal üê∑‡§∏‡•Å‡§®‡•ç‡§®‡§§üê∑,shivyad55325837,0,0,hi,"<a href=""http://twitter.com/download/android"" rel=""nofollow"">Twitter for Android</a>",1
2023-02-18 19:04:26+00:00,1627021237519257600,https://twitter.com/ErShivLalitSin1/status/1627021237519257600,@keshriDeviPatel @BJPVinodSonkar ‡§ú‡§®‡•ç‡§Æ‡§¶‡§ø‡§® ‡§ï‡•Ä ‡§π‡§æ‡§∞‡•ç‡§¶‡§ø‡§ï ‡§¨‡§ß‡§æ‡§à ‡§è‡§µ‡§Ç ‡§∂‡•Å‡§≠‡§ï‡§æ‡§Æ‡§®‡§æ‡§è‡§Ç‡•§,ErShivLalitSin1,0,0,hi,"<a href=""http://twitter.com/download/android"" rel=""nofollow"">Twitter for Android</a>",0
2023-02-18 19:04:23+00:00,1627021225628413957,https://twitter.com/Agrim33/status/1627021225628413957,"@manishindiatv Good that you posted it at mid night, 
else ppl would have outraged then army would have also had to remove this shiv ling like @HALHQBLR did to ""maruti"".",Agrim33,0,0,en,"<a href=""https://mobile.twitter.com"" rel=""nofollow"">Twitter Web App</a>",0
2023-02-18 19:04:21+00:00,1627021216354807809,https://twitter.com/iambivays/status/1627021216354807809,"Missed your presence!! Feeling lonely!! üñ§

................#Lonely................",iambivays,0,0,en,"<a href=""http://twitter.com/download/android"" rel=""nofollow"">Twitter for Android</a>",0
2023-02-18 19:04:17+00:00,1627021201918021632,https://twitter.com/Shiv_Fan19/status/1627021201918021632,@rehnedo_tum Nhi garden area me tha na ek chota sa kaanch ka baithne ka uski baat kr raha,Shiv_Fan19,0,0,hi,"<a href=""http://twitter.com/download/android"" rel=""nofollow"">Twitter for Android</a>",0
2023-02-18 19:04:11+00:00,1627021174650855426,https://twitter.com/smartinfologiks/status/1627021174650855426,"Let's celebrate the birth of the great warrior king, #ShivajiMaharaj, who stood for justice, freedom, and unity. Happy Shiv Jayanti
For top-notch #softwaredevelopment Services
https://t.co/YI8AkJNlku
+91 7400064691
sales01@smartinfologiks.com
#Shivjayanti2023 #Smartinfologiks #AI https://t.co/gC8K5ZPeSx",smartinfologiks,0,0,en,"<a href=""http://twitter.com/download/android"" rel=""nofollow"">Twitter for Android</a>",0
2023-02-18 19:04:07+00:00,1627021158368575490,https://twitter.com/aniketk13268442/status/1627021158368575490,"@ShivThakare9 Shiv aapke side mei pehle nimrit thi,sreejita ko apne khudke taraf kheecha toh nimrit piche reh gyi,so ye thoda nimrit jaise emotional ladki ko bura feel hone vala moment tha but aapne acchese handle kiyaüëçrealy kisi dusre ki vajah se nimrit ko apne se dur na kroüôè",aniketk13268442,0,0,hi,"<a href=""http://twitter.com/download/android"" rel=""nofollow"">Twitter for Android</a>",0
2023-02-18 19:04:04+00:00,1627021144607031297,https://twitter.com/_DontTextYourEx/status/1627021144607031297,@babubisleriiiii üò≠üò≠üò≠üò≠üò≠??????,_DontTextYourEx,0,0,und,"<a href=""http://twitter.com/download/iphone"" rel=""nofollow"">Twitter for iPhone</a>",0
2023-02-18 19:04:02+00:00,1627021139687120896,https://twitter.com/ErShivLalitSin1/status/1627021139687120896,@rssinghpatelbjp ‡§µ‡§ø‡§®‡§Æ‡•ç‡§∞ ‡§∂‡•ç‡§∞‡§¶‡•ç‡§ß‡§æ‡§Ç‡§ú‡§≤‡§ø‡•§,ErShivLalitSin1,0,0,hi,"<a href=""http://twitter.com/download/android"" rel=""nofollow"">Twitter for Android</a>",0
2023-02-18 19:04:02+00:00,1627021138135236609,https://twitter.com/Soni04728662/status/1627021138135236609,@Sud20_ @aesthet08765133 Plz tag shiv official team n his friends who r on Twitter,Soni04728662,0,0,en,"<a href=""http://twitter.com/download/android"" rel=""nofollow"">Twitter for Android</a>",1
2023-02-18 19:04:00+00:00,1627021130082156549,https://twitter.com/anjalik020/status/1627021130082156549,"Shuv is very funny üòÇ
Reporter: abdu kaha hai
Shiv: abdu gaya andar uski girlfriend usko aane nai de rhi bahar
MC ko Buba ke pas jana hai ü§£üòÇ

https://t.co/9LcqGa9Htc

#ShiBdu #ShivThakare #AbduRozik #ShivKiSena #ShivSquad https://t.co/nndjsRiXCR",anjalik020,0,30,hi,"<a href=""http://twitter.com/download/android"" rel=""nofollow"">Twitter for Android</a>",53
2023-02-18 19:04:00+00:00,1627021128974622720,https://twitter.com/Bharathan2020/status/1627021128974622720,"Headline on the Shiv Sena's official newspaper ""Saamna"" said - ""Ukkhad diya"", after Kangana Ranaut's office was illegally demolished.

Now please tag Sanjay Raut and Priyanka Chaturvedi on Twitter with this news clipping, and say -  '‡§â‡§ñ‡§æ‡§° ‡§¶‡§ø‡§Ø‡§æ' https://t.co/CKtxLR0Zl8",Bharathan2020,0,0,en,"<a href=""https://mobile.twitter.com"" rel=""nofollow"">Twitter Web App</a>",0
2023-02-18 19:03:57+00:00,1627021116446511109,https://twitter.com/S_JAIN98/status/1627021116446511109,@Nirmala_shiv üòÄ,S_JAIN98,0,0,und,"<a href=""http://twitter.com/download/android"" rel=""nofollow"">Twitter for Android</a>",0
2023-02-18 19:03:52+00:00,1627021096863272960,https://twitter.com/__KattarHindu__/status/1627021096863272960,@richa_093 That is not Shiv. At least choose pictures properly before posting,__KattarHindu__,0,0,en,"<a href=""http://twitter.com/download/iphone"" rel=""nofollow"">Twitter for iPhone</a>",0
2023-02-18 19:03:52+00:00,1627021096112492544,https://twitter.com/alavista425/status/1627021096112492544,@waglenikhil Aur shiv sena n BJP jeeti toh tu gadhe ka Susu peena.,alavista425,0,0,in,"<a href=""http://twitter.com/download/android"" rel=""nofollow"">Twitter for Android</a>",0
2023-02-18 19:03:42+00:00,1627021053456424961,https://twitter.com/Vini__007/status/1627021053456424961,@DeepakG07675292 @_Shiv_Bhakt üòÇ,Vini__007,0,0,und,"<a href=""http://twitter.com/download/iphone"" rel=""nofollow"">Twitter for iPhone</a>",0
2023-02-18 19:03:30+00:00,1627021003296579588,https://twitter.com/anand2020v/status/1627021003296579588,"@PlatinumJab My Namaskarams to you from the innermost depth of my hearts. Om Namah Shivaya. 

Happy Shiv Ratri Aviji üôèüèº",anand2020v,0,0,en,"<a href=""http://twitter.com/download/iphone"" rel=""nofollow"">Twitter for iPhone</a>",0
2023-02-18 19:03:30+00:00,1627021001728065537,https://twitter.com/Vnl44501375/status/1627021001728065537,"@sona735380171 @warzaib77133147 Aisa kuch na hone wala wo Shiv hai Shiv wo parkega shiv smart hai .. ek baar usko samaj aaye ye shivraat ka pr khel deklo wo hone nahi dega 
Bb ke kitne pkans chopat kiye shiv ne 
Sabar rako dekho shiv jee jaan lagayega apne aapko aage lejane keliye ‚ù§Ô∏è‚ù§Ô∏è‚ù§Ô∏è",Vnl44501375,1,0,hi,"<a href=""http://twitter.com/download/iphone"" rel=""nofollow"">Twitter for iPhone</a>",0
2023-02-18 19:03:17+00:00,1627020947600580608,https://twitter.com/ananthprabhu4/status/1627020947600580608,Good.They are drivimg nails on their coffins one by one. Like Uddhav did to Shiv Sena,ananthprabhu4,1,0,en,"<a href=""http://twitter.com/download/android"" rel=""nofollow"">Twitter for Android</a>",1
2023-02-18 19:03:01+00:00,1627020883364818949,https://twitter.com/Its_SS_/status/1627020883364818949,"@its_rw8 @rehnedo_tum Also as a shiv fan we all did our best - votes kiye raat din,contest m part lia, trends kiye, fake narrative walo ko ans die tab ye shippers where? aur ab shiv ke har posts,iv's,videos har jagah shivr!t krne ajate h n they fight wid us",Its_SS_,1,0,en,"<a href=""http://twitter.com/download/android"" rel=""nofollow"">Twitter for Android</a>",0
2023-02-18 19:02:58+00:00,1627020871138414598,https://twitter.com/Karishm00408013/status/1627020871138414598,@ReginaP57877341 Sumbul ko kitni chinta h nimrit ki shiv ko chilla rhi h tum late ho wo tumhara hi wait kr rhi thi #nimsum vibes h baheno ki cutie h,Karishm00408013,0,0,hi,"<a href=""http://twitter.com/download/android"" rel=""nofollow"">Twitter for Android</a>",1
2023-02-18 19:02:56+00:00,1627020861533470720,https://twitter.com/keetsach29/status/1627020861533470720,"sab dhundla dhundla lage tujhpe hi focus hai  yehi haal abdu ka aapne bro shiv ko dekhkar üòçüòå
#ShiBdu #ShivThakare #AbduRozik https://t.co/vSyZebwdia",keetsach29,0,8,hi,"<a href=""http://twitter.com/download/android"" rel=""nofollow"">Twitter for Android</a>",18
2023-02-18 19:02:50+00:00,1627020834425679872,https://twitter.com/TheHansIndiaWeb/status/1627020834425679872,Shiv Jayanti to be organised in Agra Fort #ChhatrapatiShivajiMaharaj #AgraFort https://t.co/utdWAC1O1T,TheHansIndiaWeb,0,0,en,"<a href=""https://hocalwire.com"" rel=""nofollow"">Hocalwire Social Share</a>",0
